StartDate,EndDate,Status,IPAddress,Progress,Duration (in seconds),Finished,RecordedDate,ResponseId,RecipientLastName,RecipientFirstName,RecipientEmail,ExternalReference,LocationLatitude,LocationLongitude,DistributionChannel,UserLanguage,Consent,Age,Gender,School,School_5_TEXT,Native Language,Years in English,Ethnicity,Ethnicity_6_TEXT,Born Place,US time,Mom born place,Dad born place,Employment,Family Income,Body-Naked_1,Body-Naked_2,Body-Bowel_1,Body-Bowel_2,Body-Genital_1,Body-Genital_2,Judgment-Sex_1,Judgment-Sex_2,Judgment-Trivial_1,Judgment-Trivial_2,Judgment-Smoke_1,Judgment-Smoke_2,Judgment-Medicine_1,Judgment-Medicine_2,Envy1,Envy2,Envy3,Envy4,Envy5,Envy6,Envy7,Envy8,B1,M1,B2,B3,M2,M3,Attention 1,B4,M4,B5,M5,Think being envied,envier behavior,envier behavior_4_TEXT,unfair success,unfair success_5_TEXT,respond to envied,respond to envied_6_TEXT,envied relationship,General Enjoy Envied,PhyAttra-Preference,PhyAttra-enjoyment,Flight-Preference,Flight-Rating,HAS1,HAS2,HAS3(R),HAS4,HAS5(R),HAS6(R),HAS7,HAS8,HAS9,HAS10(R),HAS11,HAS12,HAS13(R),HAS14,HAS15(R),HAS16(R),HAS17,HAS18(R),HAS19(R),HAS20(R),HAS21,HAS22,HAS23,HAS24(R),HAS25(R),HAS26(R),PDCA1,PDCA2(R),Attention3,PDCA3,PDCA4(Rï¼‰,PDCA5,PDCA6(R),PDCA7,PDCA8,PDCA9,PDCA10(R),PDCA11,PDCA12,PDCA13,PDCA14,PDCA15,Feedback
4/21/2021 23:10,4/21/2021 23:22,0,172.118.27.54,100,700,1,4/21/2021 23:22,R_3MFeHR581eIIuho,,,,,33.95530701,-117.245697,anonymous,EN,1,20,2,3,,16,,3,,187,,126,126,4,6,7,3,3,1,6,2,4,2,5,1,1,1,4,3,1,1,1,1,1,2,1,1,3,4,5,5,2,1,13,4,2,1,1,1,3,,7,,1,,8,4,3,2,1,4,14,22,10,9,11,11,12,8,10,9,11,10,10,8,14,14,9,12,14,12,9,10,12,9,13,12,12,10,14,13,10,12,10,12,11,12,10,8,9,12,11,9,
4/22/2021 0:35,4/22/2021 0:46,0,70.95.174.246,100,691,1,4/22/2021 0:46,R_uwdxPp3f7EQPIZj,,,,,32.85949707,-117.2124023,anonymous,EN,1,21,2,3,,16,,2,,187,,192,192,4,3,6,3,4,3,7,5,5,4,4,4,5,4,4,5,5,7,5,7,4,6,4,6,5,2,5,5,2,2,13,4,2,5,2,1,2,,7,,3,,6,2,6,6,4,4,13,19,12,13,13,11,9,9,12,11,9,9,11,9,12,11,12,10,12,11,9,9,10,9,13,13,11,11,14,13,11,11,13,11,11,11,13,11,11,11,11,11,
4/22/2021 0:48,4/22/2021 1:08,0,140.114.87.231,100,1169,1,4/22/2021 1:08,R_0p7BuzxZF4dTETD,,,,,24.8065033,120.9706116,anonymous,EN,1,19,1,1,,76,12,2,,1358,0,196,196,4,6,6,7,1,5,2,6,,7,1,5,1,5,5,3,5,5,7,4,3,2,2,1,4,4,4,3,2,2,13,5,5,5,5,2,,,,,,,,,8,1,3,1,14,21,12,9,14,8,11,9,11,12,9,8,13,8,14,14,9,14,13,12,12,12,12,13,14,9,10,9,14,13,10,13,9,12,11,13,10,11,11,12,12,11,"Although it is long, but the questions made me re-think about myself a lot, and actually get interested in this research."
4/22/2021 2:43,4/22/2021 3:19,0,156.234.168.87,100,2189,1,4/22/2021 3:19,R_tSRC6NSA8KMBmZX,,,,,22.27949524,114.1459961,anonymous,EN,1,20,2,2,,75,5,2,,36,2,36,36,4,6,2,2,5,5,5,3,6,6,1,2,2,4,3,5,2,5,1,6,2,7,2,2,5,3,2,2,2,3,13,2,2,2,2,2,,,,,,,,,3,5,4,7,15,20,13,9,9,13,13,13,9,13,9,12,13,9,13,9,13,8,10,11,12,9,9,9,14,12,10,10,14,10,11,9,12,10,9,9,13,9,9,9,9,9,
4/22/2021 9:39,4/22/2021 9:50,0,76.176.111.76,100,652,1,4/22/2021 9:50,R_blKrLzQ8Y1ADmtH,,,,,32.96609497,-117.1202011,anonymous,EN,1,21,1,4,,16,,4,,187,,187,187,2,4,5,4,4,4,3,3,2,3,3,5,3,3,5,7,1,3,3,3,1,4,4,1,5,2,5,5,1,5,13,4,5,5,1,1,3,,7,,1,,6,2,1,1,1,3,13,19,13,8,10,10,10,8,12,12,8,9,12,9,13,13,9,11,11,13,9,11,14,9,14,14,12,9,14,14,9,14,10,14,14,14,9,13,13,13,13,11,
4/22/2021 10:06,4/22/2021 10:29,0,24.43.123.81,100,1379,1,4/22/2021 10:29,R_0PnQFBfyaqkywal,,,,,32.84249878,-117.2483978,anonymous,EN,1,21,2,3,,75,6,2,,187,,36,36,4,4,7,6,5,3,6,6,4,4,2,2,3,3,6,6,2,6,2,6,2,2,5,2,5,5,5,5,3,2,13,4,2,4,2,1,3,,5,,3,,5,2,5,4,4,4,14,22,11,11,9,9,9,9,14,13,9,8,13,12,13,13,9,9,9,11,12,9,12,9,13,11,11,9,14,13,10,12,11,10,11,9,10,9,12,11,11,9,
4/22/2021 10:28,4/22/2021 10:40,0,99.184.253.162,100,734,1,4/22/2021 10:40,R_sL6tA7rc6fDOIGl,,,,,32.79670715,-117.1367035,anonymous,EN,1,21,2,4,,16,,5,,187,,187,187,2,4,5,4,5,5,5,5,4,5,6,4,3,5,5,3,2,3,1,5,1,6,4,1,5,2,5,6,1,2,13,5,2,5,1,2,,,,,,,,,3,1,2,1,13,23,8,12,12,11,9,10,8,11,9,11,10,9,13,10,12,10,11,10,11,9,13,11,13,11,13,10,14,14,9,11,10,13,13,12,9,12,12,13,13,10,
4/22/2021 12:28,4/22/2021 12:42,0,66.75.246.138,100,831,1,4/22/2021 12:42,R_2EGFJFMvlUkpVo5,,,,,32.85949707,-117.2124023,anonymous,EN,1,22,2,3,,16,,5,,187,,187,187,4,2,4,2,2,1,4,2,3,5,4,3,2,4,3,2,1,3,1,2,1,2,2,1,4,2,5,5,2,1,13,5,3,4,1,1,2,,3,,4,,8,2,3,3,4,5,13,21,14,9,9,10,12,8,10,14,9,10,11,9,13,12,11,9,12,11,10,12,12,9,14,14,12,10,14,12,11,10,13,11,10,11,9,12,10,12,11,9,No comments!
4/22/2021 12:37,4/22/2021 12:55,0,72.132.165.196,100,1099,1,4/22/2021 12:55,R_3qIMaPBFmN6VAUn,,,,,33.72090149,-116.2172012,anonymous,EN,1,21,2,3,,20,21,4,,187,,187,111,2,3,2,3,1,3,2,3,2,2,2,4,2,3,4,2,4,4,4,4,4,4,4,5,4,4,4,4,4,4,13,4,4,4,4,2,,,,,,,,,5,4,4,4,12,21,11,11,11,11,11,11,11,11,11,11,11,11,11,11,11,11,11,11,11,11,11,11,11,11,11,11,14,11,11,11,11,11,11,11,11,11,11,11,11,11,no
4/22/2021 14:18,4/22/2021 14:24,0,67.249.94.125,100,356,1,4/22/2021 14:24,R_e5v0Z26n04BO3aV,,,,,42.44520569,-76.49199677,anonymous,EN,1,22,2,4,,16,,2,,187,,162,192,4,4,7,7,4,5,4,5,5,4,5,4,4,5,5,5,4,4,4,4,4,4,4,5,4,4,4,4,4,4,16,4,4,4,4,2,,,,,,,,,6,5,3,5,12,21,11,11,11,11,11,11,11,11,11,11,11,11,11,11,11,11,11,11,11,11,12,11,11,11,11,11,11,11,11,11,11,11,11,11,11,11,11,11,11,11,N/A
4/22/2021 14:37,4/22/2021 14:45,0,199.247.101.34,100,490,1,4/22/2021 14:45,R_2VEdbzz58yq4ATt,,,,,34.01210022,-117.6883011,anonymous,EN,1,20,2,4,,16,,2,,187,,140,140,4,6,6,6,1,1,4,4,1,1,1,1,1,2,2,2,2,6,1,4,1,6,1,1,2,2,3,2,1,1,13,5,2,6,1,2,,,,,,,,,1,2,4,4,14,23,12,12,9,10,9,11,9,13,8,9,10,8,12,14,13,9,14,10,12,8,12,8,14,9,12,13,14,13,9,13,9,13,12,13,9,13,11,13,13,9,
4/22/2021 14:24,4/22/2021 15:32,0,128.54.196.0,100,4085,1,4/22/2021 15:32,R_4Sfoe3N5ZQB7tQd,,,,,32.85150146,-117.2798004,anonymous,EN,1,20,2,3,,16,,4,,187,,135,135,4,3,7,6,6,4,6,3,6,7,6,4,6,4,4,4,4,5,5,4,4,5,4,5,4,3,5,3,3,4,16,4,4,4,3,2,,,,,,,,,3,3,1,3,12,22,11,10,10,10,10,11,8,12,11,12,11,11,11,11,10,12,12,12,12,11,11,11,12,11,11,11,14,12,11,11,10,12,11,11,10,11,11,11,10,12,
4/22/2021 16:24,4/22/2021 16:39,0,128.54.189.0,100,884,1,4/22/2021 16:39,R_1l5ouK9GKZCGIwt,,,,,32.85150146,-117.2798004,anonymous,EN,1,19,2,1,,16,,5,,187,,187,187,4,6,7,7,3,4,7,7,5,5,6,5,5,5,3,5,2,2,2,1,2,2,2,2,3,3,6,2,5,5,13,5,5,5,3,1,3,,7,,4,,1,1,3,2,1,2,14,22,14,9,12,10,12,8,8,12,10,8,12,12,10,12,12,9,12,12,8,10,8,8,14,13,11,10,14,13,13,8,12,10,10,10,10,12,10,12,8,8,
4/22/2021 17:45,4/22/2021 17:59,0,128.54.166.149,100,806,1,4/22/2021 17:59,R_3P7UC8ZTD0uH4Ry,,,,,32.85150146,-117.2798004,anonymous,EN,1,21,2,3,,16,,2,,187,,192,192,4,1,7,5,1,1,4,3,1,1,7,4,1,1,4,2,1,1,1,1,1,1,1,1,4,4,5,3,3,3,13,5,2,5,3,2,,,,,,,,,4,2,4,4,12,22,12,10,11,11,11,10,12,11,11,12,11,11,11,13,12,11,10,12,11,11,12,11,13,12,13,10,14,13,9,13,10,13,13,13,9,13,13,13,13,11,
4/22/2021 8:48,4/22/2021 18:22,0,68.107.48.232,100,34424,1,4/22/2021 18:22,R_2dWojc61OwQojkQ,,,,,32.63040161,-116.9371948,anonymous,EN,1,19,2,2,,16,,4,,187,,111,111,2,5,3,2,3,2,1,1,6,6,4,3,5,6,7,7,3,3,1,5,2,5,5,2,5,3,5,4,2,3,13,5,5,5,3,1,1,,7,,1,,8,4,4,4,4,5,13,24,10,13,10,11,12,12,9,12,9,12,13,12,11,12,12,10,10,10,11,11,13,9,13,11,13,10,14,14,9,13,10,12,12,12,10,11,12,12,12,11,
4/22/2021 19:15,4/22/2021 19:27,0,107.131.50.222,100,732,1,4/22/2021 19:27,R_3018UlwkjbNSQ3X,,,,,34.06480408,-118.0859985,anonymous,EN,1,20,2,3,,16,,2,,187,,36,192,4,2,7,6,5,4,6,4,6,4,3,2,1,1,5,2,2,3,2,5,2,5,3,1,2,3,3,3,1,2,13,5,5,3,2,2,,,,,,,,,3,2,1,2,13,19,10,8,10,9,12,8,9,14,9,12,10,9,13,11,10,10,9,9,12,8,10,12,14,12,9,10,14,14,10,9,10,10,10,10,12,9,10,9,12,12,
4/21/2021 22:47,4/21/2021 22:47,0,108.216.110.229,6,17,0,4/22/2021 22:47,R_2v20iArJvFCbH78,,,,,,,anonymous,EN,,11,1,4,,7,,,,,,,,,,,,,,,,,,,,,,,,,,,,,,,,,,,,,,,,,,,,,,,,,,,,,,,,,,,,,,,,,,,,,,,,,,,,,,,,,,,,,,,,,,,,,,,,,,
4/22/2021 12:59,4/22/2021 23:20,0,128.54.165.179,100,37244,1,4/22/2021 23:20,R_2SleXiJ1eg0JRwM,,,,,32.85150146,-117.2798004,anonymous,EN,1,18,2,1,,16,,2,,187,,36,36,4,4,7,5,5,3,4,1,7,4,7,3,3,1,6,3,1,6,1,6,1,7,6,1,5,7,6,1,1,1,13,5,5,5,1,2,,,,,,,,,1,2,5,5,13,18,9,12,10,10,8,8,8,9,8,12,14,13,14,14,12,14,8,9,12,8,12,14,14,13,13,8,14,13,8,14,8,13,13,13,9,13,9,13,12,8,
4/23/2021 2:18,4/23/2021 2:37,0,138.91.21.32,100,1151,1,4/23/2021 2:37,R_1OIiPpeq0YUKSxf,,,,,34.68510437,135.5136108,anonymous,EN,1,20,2,3,,75,9,2,,36,8,36,36,2,6,1,1,3,1,1,1,1,1,1,1,1,1,1,1,1,1,1,1,1,1,1,1,5,1,4,1,1,1,13,4,1,4,1,1,3,,3,,3,,8,4,3,2,4,4,14,18,13,8,11,11,8,8,8,13,8,8,8,8,13,13,8,13,10,11,11,8,8,8,13,13,12,8,14,11,13,13,13,13,13,13,11,11,11,13,13,11,no
4/23/2021 9:09,4/23/2021 9:17,0,66.75.242.103,100,486,1,4/23/2021 9:17,R_1CdAKmYzK8NJNAf,,,,,32.85949707,-117.2124023,anonymous,EN,1,20,2,4,,16,,2,,187,,136,187,2,3,7,7,5,3,5,5,2,2,7,7,2,2,7,7,3,3,2,3,2,3,2,2,6,3,6,5,3,2,13,6,2,5,2,2,,,,,,,,,4,4,2,2,14,23,13,10,8,10,10,10,12,12,10,8,12,10,13,14,10,13,12,13,9,8,13,12,13,13,13,9,14,13,9,13,10,12,12,12,10,12,13,13,13,13,nope great study it looks like though !
4/23/2021 9:10,4/23/2021 9:30,0,68.7.99.75,100,1232,1,4/23/2021 9:31,R_30uDbKeYTYqjSca,,,,,32.84660339,-116.977005,anonymous,EN,1,20,2,3,,16,,5,,187,,187,187,2,4,7,7,6,4,5,3,5,5,6,6,2,1,6,5,4,2,3,5,2,5,5,2,4,5,5,4,2,6,13,6,6,5,5,2,,,,,,,,,1,1,4,2,15,22,9,11,10,11,12,9,10,10,9,13,11,9,13,8,11,10,12,10,10,11,12,13,13,11,11,10,14,13,9,13,8,13,12,13,8,14,11,13,14,11,
4/23/2021 12:10,4/23/2021 12:27,0,24.43.123.69,100,976,1,4/23/2021 12:27,R_pylkj4648TQ8z7j,,,,,32.84249878,-117.2483978,anonymous,EN,1,21,2,4,,10,16,6,middle eastern ,187,,81,81,2,1,5,3,1,1,7,5,3,3,1,1,1,2,5,7,2,1,1,5,1,4,5,1,5,6,6,1,3,3,13,6,3,1,2,1,2,,7,,3,,3,3,7,6,1,1,15,24,14,12,11,10,10,14,10,14,8,12,10,10,13,10,12,8,10,10,13,12,13,8,10,11,12,11,14,12,10,12,12,13,12,13,9,13,12,13,12,12,
4/23/2021 11:58,4/23/2021 12:40,0,75.80.49.4,100,2530,1,4/23/2021 12:40,R_3iPxoLgbNoGGBQk,,,,,32.85949707,-117.2124023,anonymous,EN,1,23,1,5,5,76,18,2,,75,13,75,75,6,2,7,7,1,1,3,3,1,1,2,2,1,5,3,2,1,5,3,5,2,5,6,2,7,5,7,7,5,5,13,7,2,6,2,1,2,,7,,1,,5,4,4,3,4,4,15,23,10,14,9,9,11,13,14,13,10,12,10,9,14,14,8,13,10,12,8,12,14,13,14,13,14,12,14,14,8,14,8,14,14,14,8,9,13,14,14,11,
4/23/2021 12:31,4/23/2021 12:41,0,128.54.176.126,100,564,1,4/23/2021 12:41,R_33ru0JRMX0D7fPc,,,,,32.85150146,-117.2798004,anonymous,EN,1,20,1,2,,16,,4,,187,,187,111,2,3,7,5,2,2,5,4,1,1,1,1,4,2,6,3,2,2,2,5,2,5,4,2,2,2,6,2,2,2,13,2,2,3,2,1,3,,7,,4,,6,3,3,3,2,3,11,22,12,9,12,11,9,9,11,13,9,12,11,9,13,11,10,12,10,10,11,13,13,11,11,12,13,12,14,13,9,13,8,13,13,13,9,13,12,13,13,13,Nothing at the moment right now 
4/23/2021 12:33,4/23/2021 12:43,0,97.93.50.97,100,576,1,4/23/2021 12:43,R_2TZWkjUOdGYNfvo,,,,,33.86650085,-118.066803,anonymous,EN,1,21,2,3,,16,,2,,187,,196,196,4,6,1,2,1,2,3,4,2,3,1,2,1,3,2,3,5,5,5,6,5,6,6,3,5,5,5,5,3,5,13,5,5,5,5,2,,,,,,,,,5,4,4,4,13,22,11,12,10,10,11,12,12,12,12,12,10,8,10,14,13,11,10,8,12,11,12,10,10,12,12,10,14,12,10,11,11,11,12,12,12,12,10,12,12,12,
4/23/2021 15:45,4/23/2021 15:59,0,75.80.51.3,100,826,1,4/23/2021 15:59,R_3g8jFm10CQZObPe,,,,,32.85949707,-117.2124023,anonymous,EN,1,22,2,4,,19,20,4,,187,,111,111,2,2,2,4,1,1,2,2,2,2,5,6,4,4,2,2,2,4,3,2,2,2,2,2,5,5,4,3,3,4,13,5,4,5,3,1,3,,2,,1,,2,4,3,3,2,2,9,18,9,8,9,9,9,9,10,9,9,8,12,9,13,11,9,13,11,12,8,8,8,10,13,11,13,9,12,13,12,11,10,13,12,13,13,10,13,13,11,10,Yes please use their instead of his/ her there are people that are nonbinary! Thank you
4/23/2021 21:16,4/23/2021 21:35,0,104.178.47.145,100,1165,1,4/23/2021 21:35,R_3s0tThyq6yTbbAs,,,,,36.91020203,-121.7564011,anonymous,EN,1,21,2,3,,16,,4,,187,,111,187,2,6,7,7,6,5,7,6,4,5,5,3,3,4,3,5,2,3,2,2,1,3,1,1,4,2,5,2,1,1,13,6,4,5,2,2,,,,,,,,,3,2,3,1,11,22,13,11,12,13,10,9,9,13,8,12,13,8,12,12,10,12,11,10,9,9,9,10,13,12,11,10,14,13,10,11,10,11,10,9,11,8,10,11,10,9,N/A
4/23/2021 21:37,4/23/2021 21:53,0,76.88.60.56,100,947,1,4/23/2021 21:53,R_3NWGniNRC38B2hG,,,,,32.84249878,-117.2483978,anonymous,EN,1,22,2,3,,16,,6,middle eastern,123,21,81,81,2,5,7,7,6,6,7,7,4,4,2,2,2,2,2,2,1,1,1,1,1,2,1,1,2,1,3,1,1,1,13,4,1,1,1,1,2,,7,,3,,6,1,1,2,1,1,12,22,14,10,14,11,8,9,11,14,11,8,14,11,14,9,11,13,10,14,9,9,14,8,14,14,14,13,12,13,14,11,12,12,12,13,13,12,12,13,12,12,no
4/23/2021 21:28,4/23/2021 21:55,0,73.9.98.224,100,1614,1,4/23/2021 21:55,R_8erkyZmfyHSK3jX,,,,,41.80180359,-87.59929657,anonymous,EN,1,20,1,4,,75,10,2,,36,4,36,36,4,4,7,7,4,7,7,7,3,6,4,4,2,2,1,1,2,1,2,4,2,2,2,5,4,5,5,5,3,3,13,4,5,5,3,1,3,,7,,1,,8,2,6,3,3,5,14,20,10,11,10,9,12,12,10,12,11,12,11,13,10,14,11,12,11,11,10,12,12,9,13,11,12,11,14,13,13,10,13,10,11,13,12,13,9,10,11,12,
4/23/2021 22:28,4/23/2021 22:42,0,108.225.62.191,100,832,1,4/23/2021 22:42,R_xAcxEB6Me6e0ISd,,,,,32.79159546,-116.9710007,anonymous,EN,1,21,2,4,,19,18,4,,187,,111,111,4,2,3,2,1,1,1,1,6,6,5,2,6,7,7,7,1,5,1,1,1,5,1,1,2,1,3,1,1,1,13,1,1,2,1,2,,,,,,,,,1,1,1,1,13,21,14,9,13,10,8,9,8,10,8,8,13,8,14,14,10,14,13,11,9,8,12,9,13,12,12,10,14,14,10,13,9,13,13,13,9,13,13,12,13,12,
4/24/2021 10:34,4/24/2021 10:53,0,162.204.156.95,100,1132,1,4/24/2021 10:53,R_1Q6EyEzNAalbyDm,,,,,32.65390015,-116.9772949,anonymous,EN,1,19,2,2,,16,,4,,187,,187,187,2,4,6,3,4,3,3,2,3,4,5,3,5,5,4,4,2,3,2,2,2,2,2,2,5,2,5,5,5,3,13,5,5,5,2,2,,,,,,,,,6,6,4,3,14,22,12,12,10,10,9,10,9,12,9,12,12,12,12,12,10,10,10,10,12,11,12,9,12,10,13,9,14,13,13,13,9,13,13,13,9,13,13,13,13,13,n/a
4/23/2021 11:11,4/23/2021 11:11,0,128.54.163.96,6,24,0,4/24/2021 11:11,R_2vfeeJefcrdKvP6,,,,,,,anonymous,EN,1,20,2,3,,11,,,,,,,,,,,,,,,,,,,,,,,,,,,,,,,,,,,,,,,,,,,,,,,,,,,,,,,,,,,,,,,,,,,,,,,,,,,,,,,,,,,,,,,,,,,,,,,,,,
4/24/2021 12:26,4/24/2021 12:38,0,71.93.196.143,100,721,1,4/24/2021 12:38,R_ZDVLkc3uPliECk1,,,,,34.01100159,-118.114502,anonymous,EN,1,21,1,3,,76,12,2,,187,,75,75,4,4,6,5,5,2,7,5,,3,5,3,2,3,2,5,5,5,6,6,5,5,3,5,6,5,5,5,5,5,13,5,5,4,5,1,2,,2,,3,,2,5,6,5,5,7,15,24,8,13,10,13,13,13,12,13,13,13,11,12,13,12,12,13,12,12,12,13,13,12,12,13,13,12,13,13,12,13,12,12,12,13,13,12,12,12,13,12,N/a
4/24/2021 13:47,4/24/2021 14:02,0,108.185.7.120,100,930,1,4/24/2021 14:02,R_2vYbbU7scIecvm4,,,,,33.82060242,-118.0339966,anonymous,EN,1,21,2,4,,41,15,2,,162,16,162,162,1,6,6,6,5,5,6,6,5,5,6,6,2,3,5,6,2,6,2,6,2,6,6,6,5,3,5,3,2,2,13,6,2,5,2,1,3,,5,different lifestyles & environmental exposure,4,,8,2,3,2,1,2,13,19,12,12,11,12,13,10,9,13,8,9,9,8,10,9,8,14,10,9,13,13,11,10,12,11,12,12,14,12,12,11,10,11,10,12,10,9,13,12,11,11,
4/24/2021 14:25,4/24/2021 14:41,0,108.239.227.57,100,975,1,4/24/2021 14:41,R_3plitm0iGH7cNJ2,,,,,38.10429382,-122.2442017,anonymous,EN,1,20,1,2,,16,,2,,187,,136,136,2,6,5,4,3,2,4,2,3,4,3,3,1,1,1,1,4,5,1,4,1,5,4,1,5,2,6,5,2,4,13,5,4,6,2,1,3,,3,,1,,3,3,5,4,4,4,14,22,10,10,10,11,9,11,10,12,11,11,13,9,12,11,12,13,11,10,11,9,13,10,13,11,12,11,14,12,10,13,10,12,13,12,9,12,12,12,12,11,
4/24/2021 14:37,4/24/2021 14:47,0,45.51.205.24,100,629,1,4/24/2021 14:47,R_3hfOTakg8ObHcvX,,,,,33.9420929,-118.1302948,anonymous,EN,1,21,2,3,,75,10,2,,36,7,36,36,4,6,7,1,7,1,7,1,7,1,5,3,4,4,4,3,4,4,4,4,4,4,4,5,4,4,4,4,4,4,16,4,4,4,4,1,2,,7,,3,,2,4,5,4,4,4,12,21,11,11,11,11,11,11,11,11,11,11,11,11,11,11,11,11,11,11,11,11,11,11,11,11,11,11,11,11,11,11,11,11,11,11,11,11,11,11,11,11,none
4/24/2021 14:42,4/24/2021 14:55,0,66.215.178.210,100,796,1,4/24/2021 14:55,R_1NzDCufDhcxrCHV,,,,,34.13699341,-118.2375946,anonymous,EN,1,20,2,2,,16,,2,,187,,162,162,4,6,5,4,3,2,5,4,4,5,3,3,4,5,3,5,3,5,3,5,1,5,5,3,6,2,6,4,2,3,13,4,4,4,2,2,,,,,,,,,4,3,2,2,13,20,12,9,10,11,10,8,9,11,10,9,12,8,11,14,9,11,12,11,9,10,12,12,13,12,13,9,14,13,10,13,10,13,11,12,10,12,13,13,13,11,It was interesting to reflect on my behaviors and attitudes.
4/24/2021 15:07,4/24/2021 15:16,0,23.125.120.177,100,508,1,4/24/2021 15:16,R_tSdZojJqG4FzS0x,,,,,32.85949707,-117.2124023,anonymous,EN,1,20,2,3,,16,,2,,187,,78,78,2,6,4,3,4,3,4,3,3,4,4,3,3,5,2,5,3,5,2,4,1,5,4,3,5,5,5,4,3,5,13,5,5,5,3,1,1,,3,,2,,2,1,3,1,2,2,13,22,12,9,10,10,10,8,9,12,9,10,11,10,13,12,12,12,12,10,11,9,12,12,13,10,10,10,14,13,10,12,10,12,12,12,10,12,10,12,11,10,
4/24/2021 15:36,4/24/2021 15:51,0,128.54.162.67,100,881,1,4/24/2021 15:51,R_3JmkVR6QhNiwsZb,,,,,32.85150146,-117.2798004,anonymous,EN,1,18,2,1,,16,,6,mixed: Asian & Latina,187,,104,37,2,4,3,2,2,1,3,2,4,4,7,7,4,5,6,7,5,5,3,5,3,6,3,6,6,2,5,2,5,2,13,6,5,5,5,1,2,,7,,4,,8,2,6,5,1,1,13,20,14,8,14,12,13,9,8,12,9,8,10,8,14,14,10,9,8,12,12,9,11,9,14,10,13,9,14,14,12,11,10,12,9,12,10,10,10,12,12,9,
4/24/2021 15:54,4/24/2021 16:04,0,76.171.168.242,100,595,1,4/24/2021 16:04,R_xxsZTOqfg7zl25b,,,,,33.10620117,-117.2947006,anonymous,EN,1,20,2,3,,16,,5,,187,,187,187,2,5,7,3,3,3,7,7,7,7,4,3,2,2,6,4,6,5,6,6,6,6,6,2,6,6,6,4,2,2,13,7,2,2,2,1,3,,3,,1,,3,2,3,2,2,2,15,24,13,14,11,13,13,14,14,12,14,13,13,13,11,9,10,13,13,13,13,13,13,13,14,14,14,14,14,14,13,13,9,13,13,13,9,13,13,13,13,13,Interesting questions.... You got me bc i have no idea what is study is about. 
4/24/2021 19:19,4/24/2021 19:31,0,24.10.111.210,100,688,1,4/24/2021 19:31,R_24d4h1hwkrSQEOz,,,,,38.664505,-121.4869995,anonymous,EN,1,21,2,4,,16,,3,,187,,187,187,4,6,7,6,1,1,7,6,7,7,1,1,4,4,1,1,5,2,2,2,2,2,2,2,2,2,2,5,1,1,13,1,2,2,1,2,,,,,,,,,3,1,4,2,10,19,13,9,13,13,9,9,9,11,9,9,13,9,13,13,11,14,13,13,9,9,9,11,13,11,9,11,14,12,13,11,13,11,11,11,13,9,9,9,9,9,
4/24/2021 19:26,4/24/2021 19:48,0,68.8.75.135,100,1303,1,4/24/2021 19:48,R_3ptnTavK9oPhL0U,,,,,32.74049377,-117.0934982,anonymous,EN,1,21,2,3,,76,21,2,,187,,192,192,4,6,6,7,7,7,7,7,4,5,4,4,3,3,4,5,3,6,5,6,5,6,6,7,6,2,6,6,2,2,13,6,3,6,2,1,3,,7,,4,,6,6,4,5,2,3,14,22,13,12,9,9,12,9,12,10,10,13,9,9,13,13,12,9,10,10,12,9,12,13,13,10,13,9,14,13,9,12,9,12,13,10,10,10,11,12,12,9,
4/24/2021 21:12,4/24/2021 21:21,0,68.5.172.207,100,525,1,4/24/2021 21:21,R_3DwtBLujkH7Y73R,,,,,33.61279297,-117.6622009,anonymous,EN,1,20,1,2,,16,,2,,187,,78,78,6,6,6,6,5,5,6,6,7,7,6,5,6,7,6,6,4,4,4,5,4,6,5,5,5,4,7,7,3,4,13,7,5,6,4,2,,,,,,,,,3,2,4,1,14,23,14,11,9,10,11,11,12,9,11,13,11,11,13,11,12,13,10,11,11,11,11,11,11,11,11,11,14,12,11,11,11,11,12,12,9,11,11,11,11,11,
4/23/2021 21:29,4/23/2021 21:33,0,24.43.123.82,2,235,0,4/24/2021 21:33,R_3MLIkgppaUy0csU,,,,,,,anonymous,EN,1,,,,,,,,,,,,,,,,,,,,,,,,,,,,,,,,,,,,,,,,,,,,,,,,,,,,,,,,,,,,,,,,,,,,,,,,,,,,,,,,,,,,,,,,,,,,,,,,,,,,,,,
4/24/2021 21:16,4/24/2021 21:50,0,137.25.214.55,100,2058,1,4/24/2021 21:50,R_3J9rKLZV7H1Y5Pc,,,,,34.48019409,-117.4093018,anonymous,EN,1,21,2,3,,19,18,4,,187,,111,21,4,1,2,1,1,1,4,2,1,1,1,1,1,1,1,1,4,5,4,5,4,4,5,5,6,3,6,7,3,4,13,5,4,4,3,2,,,,,,,,,3,3,2,4,15,22,13,12,13,13,11,11,13,12,12,11,13,11,11,9,13,14,8,13,9,8,9,14,14,14,14,13,14,14,14,14,13,14,13,13,13,13,13,13,13,11,
4/24/2021 22:39,4/24/2021 22:50,0,71.80.166.31,100,677,1,4/24/2021 22:50,R_DCQxvOU9b4BMfDP,,,,,34.09150696,-118.1306992,anonymous,EN,1,22,2,4,,74,15,2,,192,5,192,192,2,1,2,2,5,5,7,6,,,1,2,1,5,2,2,2,2,2,1,1,2,1,1,1,1,6,2,1,1,13,6,5,1,1,1,3,,2,,3,,1,5,5,2,5,5,14,24,13,11,14,9,10,12,11,12,8,13,9,8,14,13,13,9,8,9,10,9,12,10,14,11,11,10,14,12,10,12,11,12,12,12,9,11,11,11,10,12,
4/24/2021 22:45,4/24/2021 22:53,0,128.54.183.241,100,487,1,4/24/2021 22:53,R_1KlER5gJcHRd3nd,,,,,32.85150146,-117.2798004,anonymous,EN,1,20,1,2,,16,,2,,187,,187,140,4,6,7,1,1,1,7,1,1,1,1,1,1,1,1,1,2,6,2,6,2,6,2,2,2,2,6,6,2,2,13,6,2,6,2,2,,,,,,,,,1,1,1,1,14,19,9,9,9,9,9,9,13,13,9,13,13,9,13,13,9,9,9,9,13,9,13,13,13,9,13,13,14,13,9,13,9,13,13,13,9,13,13,13,13,9,none
4/24/2021 22:51,4/24/2021 23:10,0,76.176.147.40,100,1150,1,4/24/2021 23:10,R_6zlnZHxt5jGNtXX,,,,,32.85949707,-117.2124023,anonymous,EN,1,20,2,3,,16,,4,,187,,136,74,2,3,2,2,6,4,2,1,3,5,7,5,1,1,5,6,4,6,5,7,3,7,6,7,5,3,6,5,6,5,13,7,5,5,5,1,4,they behaved normally,7,,1,,6,1,5,2,2,1,14,23,11,12,9,10,13,12,8,11,9,13,13,8,14,13,13,9,9,9,9,8,13,13,13,12,13,9,14,11,9,13,10,12,13,13,11,12,9,12,13,11,
4/24/2021 23:00,4/24/2021 23:15,0,73.241.198.206,100,887,1,4/24/2021 23:15,R_2CycAnhHU4Wiwqx,,,,,37.2124939,-121.8641052,anonymous,EN,1,22,2,4,,26,20,2,,187,,78,78,4,3,4,4,4,4,4,4,4,4,4,4,4,4,4,4,1,1,1,4,1,3,1,1,5,4,4,3,1,1,19,2,1,3,1,1,1,,3,,1,,1,1,5,1,4,1,13,18,14,8,12,10,8,8,8,14,8,8,14,8,14,14,8,10,14,14,8,8,8,14,14,13,8,14,14,9,14,8,14,8,8,8,14,8,8,8,8,8,
4/24/2021 23:14,4/24/2021 23:26,0,75.80.48.78,100,689,1,4/24/2021 23:26,R_3m7XINkvb86lIle,,,,,32.85949707,-117.2124023,anonymous,EN,1,21,2,3,,16,,2,,187,,36,36,2,2,5,5,5,5,5,5,5,5,4,3,3,3,5,5,2,4,2,3,2,4,4,2,5,2,5,4,2,2,13,5,2,5,2,1,1,,2,,4,,2,2,1,2,4,3,13,21,13,9,12,11,9,9,9,13,8,10,13,8,13,10,10,10,12,10,12,10,11,10,14,12,12,10,14,12,12,11,13,12,11,10,11,12,10,12,12,10,n/a
4/25/2021 1:33,4/25/2021 1:46,0,122.163.16.95,100,756,1,4/25/2021 1:46,R_27BVeE11P1ir5b0,,,,,22.56019592,88.36981201,anonymous,EN,1,18,1,1,,28,18,2,,78,8,78,78,3,1,7,7,5,6,7,7,6,7,3,4,1,1,4,6,2,3,1,7,2,4,6,7,6,5,7,7,2,2,13,7,4,7,5,1,1,,3,,3,,2,6,5,4,5,5,15,24,8,14,8,8,13,10,13,13,14,14,14,8,14,14,10,12,9,9,12,13,14,11,14,12,14,10,14,13,14,14,14,14,14,14,8,14,11,14,14,8,
4/25/2021 4:07,4/25/2021 4:18,0,176.237.146.64,100,661,1,4/25/2021 4:18,R_1I4xqijSzZbk3bE,,,,,40.2322998,29.01579285,anonymous,EN,1,24,2,4,,71,20,5,,179,10,179,179,2,6,3,3,3,3,3,3,3,3,3,3,3,3,3,3,2,2,2,2,2,2,2,2,2,2,2,2,2,2,13,2,2,2,2,1,2,,3,,3,,5,2,5,2,4,2,12,19,13,9,13,13,9,9,9,11,9,9,13,9,13,13,13,13,11,13,9,9,9,13,13,11,9,12,14,13,13,10,14,9,9,10,13,9,9,9,9,9,"No, thank you!"
4/25/2021 10:53,4/25/2021 11:12,0,68.58.162.22,100,1114,1,4/25/2021 11:12,R_1rMMNUX4aLljOk5,,,,,42.58700562,-83.23339844,anonymous,EN,1,19,2,1,,16,,2,,187,,78,78,4,6,6,5,4,3,5,3,5,6,3,3,4,6,7,7,2,6,2,5,1,5,5,1,6,2,6,5,1,4,13,6,5,6,2,1,2,,3,,4,,8,4,6,6,3,2,15,23,12,12,9,9,13,9,10,12,8,10,10,12,11,12,13,10,9,9,12,13,12,9,13,12,12,9,14,13,10,13,10,12,12,12,10,13,12,13,13,11,
4/24/2021 12:13,4/24/2021 12:15,0,104.175.44.74,18,80,0,4/25/2021 12:15,R_3MxKMv6wAMj8OWF,,,,,,,anonymous,EN,1,25,1,4,,16,,5,,187,,187,187,4,6,3,5,4,5,,,,,,,4,3,,,,,,,,,,,,,,,,,,,,,,,,,,,,,,,,,,,,,,,,,,,,,,,,,,,,,,,,,,,,,,,,,,,,,,,,,,,,,
4/25/2021 12:32,4/25/2021 12:43,0,71.142.244.248,100,616,1,4/25/2021 12:43,R_2q7qX6RYmpDAlCE,,,,,32.85949707,-117.2124023,anonymous,EN,1,19,2,2,,20,19,4,,187,,111,111,2,2,7,7,3,7,6,7,4,6,4,5,5,7,1,7,2,7,2,4,2,4,3,2,2,3,5,2,2,2,13,2,2,2,2,1,1,,2,,1,,5,1,3,1,2,1,10,18,8,8,8,14,8,8,8,14,8,8,14,8,14,14,11,14,11,14,9,8,9,11,11,12,8,14,14,11,11,9,11,10,13,11,11,13,13,11,11,10,
4/25/2021 14:42,4/25/2021 14:56,0,114.137.19.66,100,822,1,4/25/2021 14:56,R_32LO4qHgarINfd1,,,,,24.98890686,121.3175964,anonymous,EN,1,19,1,1,,76,12,2,,1358,0,196,196,4,6,6,7,5,6,2,6,1,7,3,1,5,4,6,4,5,6,7,4,3,2,4,2,3,4,4,3,3,5,19,4,5,4,3,1,2,,2,,1,,2,2,4,2,3,4,14,22,12,12,12,10,11,9,11,13,8,12,11,8,12,13,9,10,13,12,12,9,11,12,13,9,11,9,14,13,11,12,10,12,12,11,10,12,12,12,12,11,Nope
4/25/2021 22:22,4/25/2021 22:37,0,172.7.160.200,100,922,1,4/25/2021 22:37,R_3G1gY0rRCNsoVjQ,,,,,32.91639709,-117.1392975,anonymous,EN,1,24,1,3,,69,18,2,,86,11,136,86,2,1,6,5,4,2,5,2,7,4,7,7,7,7,7,6,1,1,1,1,1,1,1,1,5,1,6,5,1,1,13,4,1,5,1,2,,,,,,,,,5,4,4,4,11,18,8,8,8,10,8,8,14,11,11,8,11,8,12,12,11,12,13,14,8,11,14,12,14,11,14,8,14,14,10,14,8,12,14,14,8,11,14,14,14,12,
4/25/2021 0:07,4/25/2021 0:09,0,172.118.27.54,14,124,0,4/26/2021 0:09,R_0OOAhgSEgHI55O9,,,,,,,anonymous,EN,1,20,2,3,,16,,3,,187,,126,126,4,6,,,,,,,,,,,,,,,,,,,,,,,,,,,,,,,,,,,,,,,,,,,,,,,,,,,,,,,,,,,,,,,,,,,,,,,,,,,,,,,,,,,,,,,,,
4/26/2021 7:03,4/26/2021 7:22,0,13.75.72.199,100,1112,1,4/26/2021 7:22,R_ZynXRJWDMSk0w81,,,,,22.27949524,114.1459961,anonymous,EN,1,19,1,1,,75,3,2,,36,0,36,36,4,6,6,5,3,1,7,6,4,4,1,3,2,1,6,3,1,3,1,2,1,3,3,5,5,2,6,4,1,2,13,2,3,5,2,1,3,,3,,4,,2,3,5,3,2,2,13,22,13,12,10,9,12,9,8,12,9,11,13,9,13,13,10,11,9,12,11,12,13,9,13,11,14,9,14,13,10,12,9,13,12,11,10,9,12,11,9,12,
4/26/2021 11:43,4/26/2021 11:54,0,162.192.137.65,100,666,1,4/26/2021 11:54,R_1M6XY7EGo9VUb0O,,,,,33.92489624,-117.459198,anonymous,EN,1,20,1,3,,16,,3,,187,,126,126,4,6,5,4,3,2,4,3,4,4,2,1,2,2,3,3,2,1,2,2,2,2,1,1,2,2,5,5,2,2,13,2,2,2,2,2,,,,,,,,,5,3,3,4,13,22,12,12,11,10,9,10,12,12,12,12,12,11,12,12,13,10,9,9,9,12,13,9,10,10,12,10,14,13,9,13,9,13,13,13,9,13,13,13,13,12,
4/26/2021 15:46,4/26/2021 15:59,0,72.197.57.17,100,753,1,4/26/2021 15:59,R_1nNpWS4oIyDn8r4,,,,,32.65390015,-116.9772949,anonymous,EN,1,20,2,2,,16,,4,,187,,111,187,2,4,1,2,1,2,2,2,1,2,1,1,1,3,1,2,1,2,1,1,1,1,1,1,5,1,5,4,1,1,13,5,5,4,2,2,,,,,,,,,5,1,4,1,13,22,9,10,11,10,8,9,11,14,10,10,11,10,14,10,11,13,11,11,10,11,12,10,14,11,13,11,14,13,10,12,10,12,12,13,10,13,12,12,12,12,
4/26/2021 18:51,4/26/2021 19:02,0,73.38.76.76,100,671,1,4/26/2021 19:02,R_3qBR8SDDuXORvJN,,,,,43.51139832,-72.12719727,anonymous,EN,1,20,2,3,,16,,2,,187,,36,36,4,5,4,2,6,4,3,2,7,7,4,3,1,1,2,1,3,3,2,6,2,5,3,1,5,2,5,5,3,4,13,5,5,5,3,1,4,"They just kept making passive aggressive jokes that, after a while, stopped feeling less like jokes.",3,,3,,8,2,4,4,7,2,13,21,13,10,13,11,12,10,12,13,12,10,12,8,13,13,12,11,12,10,8,9,12,8,14,12,12,11,14,13,9,11,10,12,12,12,9,10,11,11,10,10,
4/26/2021 19:29,4/26/2021 19:46,0,75.80.153.80,100,1068,1,4/26/2021 19:46,R_1exkMXzyRPMBNQQ,,,,,33.09240723,-117.2624054,anonymous,EN,1,20,2,3,,16,,5,,187,,179,179,4,2,7,1,7,2,7,4,4,6,5,1,6,6,5,7,1,1,1,5,1,1,5,1,7,5,5,7,1,1,13,7,4,7,5,1,3,,7,,4,,6,1,1,1,1,1,13,18,14,10,14,10,12,8,14,14,12,9,12,12,14,8,8,8,9,13,9,9,8,9,14,9,12,13,14,12,13,10,14,10,10,12,10,12,13,12,12,10,this was fun
4/26/2021 20:06,4/26/2021 20:30,0,24.165.81.53,100,1428,1,4/26/2021 20:30,R_1opaePG9pX1la65,,,,,33.00349426,-117.0695953,anonymous,EN,1,21,2,3,,16,,5,,187,,187,187,6,6,7,6,6,3,6,2,4,5,3,6,5,4,5,6,5,6,1,5,1,6,5,3,2,2,3,3,1,1,13,4,4,3,5,1,3,,7,,1,,7,5,1,1,2,2,13,19,11,9,12,12,13,8,8,14,8,12,11,8,13,10,13,11,12,10,12,8,12,9,13,10,10,10,14,12,13,8,13,10,10,11,9,13,10,11,10,9,
4/26/2021 21:01,4/26/2021 21:20,0,76.175.204.198,100,1109,1,4/26/2021 21:20,R_10wtgbmclRDfuDw,,,,,32.82460022,-117.1970978,anonymous,EN,1,22,2,4,,73,19,2,,187,,130,130,4,2,5,5,7,6,5,5,4,5,6,6,2,4,3,4,5,6,3,6,2,7,5,3,5,3,4,3,2,2,13,6,5,5,3,1,1,,3,,4,,3,3,6,5,3,4,15,22,12,10,10,10,10,11,10,12,10,11,10,10,11,12,12,10,9,10,12,11,12,10,14,10,12,10,14,13,10,11,10,12,12,12,10,12,10,12,12,11,
